{
  "intercept": -12.551258337607287,
  "engagementRate": 0.2470613030760092,
  "shareRate": 0.5682074716633704,
  "saveRate": 1.4455810162433242,
  "commentRate": 0.4503385001742188,
  "viewToFollowerRatio": 2.4491113572871357,
  "postingConsistency": 3.867437209289162,
  "growthRate30d": 3.434437136308276,
  "audienceQuality": 2.2598909196007257,
  "commentQuality": 1.3937934475512748,
  "contentCategoryFit": 2.6353754892034718,
  "demographicMatch": 0.6021490489605157,
  "authenticityRaw": 1.2086355032076233,
  "microCreatorBonus": 1.767975992170474
}