{
  "intercept": -12.016299160600816,
  "engagementRate": 0.2636325030326194,
  "shareRate": 0.43064259848606434,
  "saveRate": 1.4945009483818537,
  "commentRate": 0.2795910561640981,
  "viewToFollowerRatio": 2.3018785993554682,
  "postingConsistency": 3.813029831400217,
  "growthRate30d": 2.852435979742389,
  "audienceQuality": 2.145991257838549,
  "commentQuality": 1.281919202183015,
  "contentCategoryFit": 2.315536048205769,
  "demographicMatch": -0.016243599331143613,
  "authenticityRaw": 1.21883351361999,
  "microCreatorBonus": 2.7176770203806613
}